<?xml version="1.0" encoding="UTF-8" ?>
<module>
	<name>payping</name>
	<displayName><![CDATA[افزونه پرداخت پی&zwnj;پینگ]]></displayName>
	<version><![CDATA[1.1]]></version>
	<description><![CDATA[ پرداخت آنلاین با درگاه پی&zwnj;پینگ]]></description>
	<author><![CDATA[Erfan Ebrahimi]]></author>
	<tab><![CDATA[payments_gateways]]></tab>
	<confirmUninstall><![CDATA[آیا برای پاک کردن اطلاعات مطمئن هستید؟]]></confirmUninstall>
	<is_configurable>1</is_configurable>
	<need_instance>1</need_instance>
	<limited_countries></limited_countries>
</module>